<?xml version="1.0" encoding="UTF-8"?>
<project-private xmlns="http://www.netbeans.org/ns/project-private/1">
    <editor-bookmarks xmlns="http://www.netbeans.org/ns/editor-bookmarks/1"/>
    <editor-bookmarks xmlns="http://www.netbeans.org/ns/editor-bookmarks/2" lastBookmarkId="0"/>
    <open-files xmlns="http://www.netbeans.org/ns/projectui-open-files/2">
        <group>
            <file>file:/C:/Users/alan.ryan/Dropbox/Course%20Notes/SD3%20Java/SD3-Applications-Programming/Lectures/L3%20Control%20Structures/Source/Lecture3/src/Lecture3/TestContinue.java</file>
            <file>file:/C:/Users/alan.ryan/Dropbox/Course%20Notes/SD3%20Java/SD3-Applications-Programming/Lectures/L3%20Control%20Structures/Source/Lecture3/src/Lecture3/TestForEach.java</file>
            <file>file:/C:/Users/alan.ryan/Dropbox/Course%20Notes/SD3%20Java/SD3-Applications-Programming/Lectures/L3%20Control%20Structures/Source/Lecture3/src/Lecture3/TestIfElse.java</file>
            <file>file:/C:/Users/alan.ryan/Dropbox/Course%20Notes/SD3%20Java/SD3-Applications-Programming/Lectures/L3%20Control%20Structures/Source/Lecture3/src/Lecture3/TestSwitch.java</file>
            <file>file:/C:/Users/alan.ryan/Dropbox/Course%20Notes/SD3%20Java/SD3-Applications-Programming/Lectures/L3%20Control%20Structures/Source/Lecture3/src/Lecture3/TestBreak.java</file>
            <file>file:/C:/Users/alan.ryan/Dropbox/Course%20Notes/SD3%20Java/SD3-Applications-Programming/Lectures/L3%20Control%20Structures/Source/Lecture3/src/Lecture3/TestLeapYear.java</file>
            <file>file:/C:/Users/alan.ryan/Dropbox/Course%20Notes/SD3%20Java/SD3-Applications-Programming/Lectures/L3%20Control%20Structures/Source/Lecture3/src/Lecture3/TestWhile.java</file>
            <file>file:/C:/Users/alan.ryan/Dropbox/Course%20Notes/SD3%20Java/SD3-Applications-Programming/Lectures/L3%20Control%20Structures/Source/Lecture3/src/Lecture3/TestForLoop.java</file>
        </group>
    </open-files>
</project-private>
