<?xml version="1.0" encoding="UTF-8"?>
<project-private xmlns="http://www.netbeans.org/ns/project-private/1">
    <editor-bookmarks xmlns="http://www.netbeans.org/ns/editor-bookmarks/1"/>
    <editor-bookmarks xmlns="http://www.netbeans.org/ns/editor-bookmarks/2" lastBookmarkId="0"/>
    <open-files xmlns="http://www.netbeans.org/ns/projectui-open-files/2">
        <group>
            <file>file:/C:/Users/alan.ryan/Dropbox/Course%20Notes/SD3%20Java/SD3-Applications-Programming/Lectures/L4%20Methods/Source/Lecture4/src/Lecture4/TestPassByValue.java</file>
            <file>file:/C:/Users/alan.ryan/Dropbox/Course%20Notes/SD3%20Java/SD3-Applications-Programming/Lectures/L4%20Methods/Source/Lecture4/src/Lecture4/AmbigiousOverloading.java</file>
            <file>file:/C:/Users/alan.ryan/Dropbox/Course%20Notes/SD3%20Java/SD3-Applications-Programming/Lectures/L4%20Methods/Source/Lecture4/src/Lecture4/TestMax.java</file>
            <file>file:/C:/Users/alan.ryan/Dropbox/Course%20Notes/SD3%20Java/SD3-Applications-Programming/Lectures/L4%20Methods/Source/Lecture4/src/Lecture4/TestMethodOverloading.java</file>
        </group>
    </open-files>
</project-private>
