<?xml version="1.0" encoding="UTF-8"?>
<project-private xmlns="http://www.netbeans.org/ns/project-private/1">
    <editor-bookmarks xmlns="http://www.netbeans.org/ns/editor-bookmarks/1"/>
    <editor-bookmarks xmlns="http://www.netbeans.org/ns/editor-bookmarks/2" lastBookmarkId="0"/>
    <open-files xmlns="http://www.netbeans.org/ns/projectui-open-files/2">
        <group>
            <file>file:/C:/Users/alan.ryan/Dropbox/Course%20Notes/SD3%20Java/SD3-Applications-Programming/Lectures/L5%20Arrays/Source/Lecture5/src/Lecture5/DoubleArrayApplication.java</file>
            <file>file:/C:/Users/alan.ryan/Dropbox/Course%20Notes/SD3%20Java/SD3-Applications-Programming/Lectures/L5%20Arrays/Source/Lecture5/src/Lecture5/TestArray.java</file>
            <file>file:/C:/Users/alan.ryan/Dropbox/Course%20Notes/SD3%20Java/SD3-Applications-Programming/Lectures/L5%20Arrays/Source/Lecture5/src/Lecture5/AssignGrade.java</file>
        </group>
    </open-files>
</project-private>
