<?xml version="1.0" encoding="UTF-8"?>
<project-private xmlns="http://www.netbeans.org/ns/project-private/1">
    <editor-bookmarks xmlns="http://www.netbeans.org/ns/editor-bookmarks/2" lastBookmarkId="0"/>
    <open-files xmlns="http://www.netbeans.org/ns/projectui-open-files/2">
        <group>
            <file>file:/U:/Year%203/SD3-Applications-Programming/Lectures/L7%20Inheritance%20Polymorphism%20and%20Interfaces/L7%20EX/L7Exercise/src/l7exercise/Hourly.java</file>
            <file>file:/U:/Year%203/SD3-Applications-Programming/Lectures/L7%20Inheritance%20Polymorphism%20and%20Interfaces/L7%20EX/L7Exercise/src/l7exercise/StaffMember.java</file>
            <file>file:/U:/Year%203/SD3-Applications-Programming/Lectures/L7%20Inheritance%20Polymorphism%20and%20Interfaces/L7%20EX/L7Exercise/src/l7exercise/L7Exercise.java</file>
            <file>file:/U:/Year%203/SD3-Applications-Programming/Lectures/L7%20Inheritance%20Polymorphism%20and%20Interfaces/L7%20EX/L7Exercise/src/l7exercise/Volunteer.java</file>
            <file>file:/U:/Year%203/SD3-Applications-Programming/Lectures/L7%20Inheritance%20Polymorphism%20and%20Interfaces/L7%20EX/L7Exercise/src/l7exercise/Executive.java</file>
            <file>file:/U:/Year%203/SD3-Applications-Programming/Lectures/L7%20Inheritance%20Polymorphism%20and%20Interfaces/L7%20EX/L7Exercise/src/l7exercise/Employee.java</file>
        </group>
    </open-files>
</project-private>
